contract_id,source_image,instruction,topology,operation,edit_scope,target,replacement,desired_state,anchor,clarification_needed,questions
trial_add_a_hat_to_the_man_on_the_left_f52f25b6,examples/images/hat_people.png,Add a hat to the man on the left.,attach_entity,add,local,hat,,,"{""entity_type"": ""person"", ""instance_ref"": ""man_on_the_left"", ""part"": ""head"", ""relation"": ""worn_on""}",False,
trial_add_one_glass_bottle_standing_on_the_empty_pa_576064b8,examples/images/table_scene.png,Add one glass bottle standing on the empty part of the table.,insert_entity,add,local,glass bottle,,,"{""entity_type"": ""table"", ""instance_ref"": ""empty_part_of_the_table"", ""part"": ""surface"", ""relation"": ""supported_by""}",False,
trial_remove_the_handwriting_from_the_red_paper_2db3c87c,examples/images/red_paper.png,Remove the handwriting from the red paper.,remove_attribute,remove,local,handwriting,,,"{""entity_type"": ""paper"", ""instance_ref"": ""red_paper"", ""part"": ""handwriting"", ""relation"": ""attribute_of""}",False,
trial_remove_two_men_in_white_shirts_90b087c2,examples/images/street.png,Remove two men in white shirts.,remove_entity,remove,local,men,,,{},False,
trial_add_long_hair_904dfbdc,examples/images/person.png,Add long hair.,modify_attribute,modify,local,long hair,,long hair,"{""entity_type"": ""person"", ""instance_ref"": null, ""part"": ""hair"", ""relation"": ""attribute_of""}",True,Which person is the anchor?
trial_replace_the_red_cup_with_a_blue_ceramic_mug_5610cf16,examples/images/table_scene.png,Replace the red cup with a blue ceramic mug.,replace_entity,replace,local,red cup,blue ceramic mug,a blue ceramic mug,{},False,
trial_replace_the_background_with_a_snowy_mountain_e79f939f,examples/images/street.png,Replace the background with a snowy mountain landscape.,replace_background,replace,regional,background,a snowy mountain landscape,a snowy mountain landscape,{},False,
trial_make_the_whole_scene_rainy_5b7a7908,examples/images/street.png,Make the whole scene rainy.,modify_environment,modify,global,scene environment,,the whole scene rainy,{},False,
trial_apply_watercolor_style_to_the_whole_image_2f46192d,examples/images/street.png,Apply watercolor style to the whole image.,apply_style,modify,global,scene style,,watercolor style,{},False,
